DATEPRD,NPD_WELL_BORE_NAME,ON_STREAM_HRS,AVG_DOWNHOLE_PRESSURE,AVG_DOWNHOLE_TEMPERATURE,AVG_WHP_P,AVG_CHOKE_SIZE_P,BORE_OIL_VOL,BORE_GAS_VOL,BORE_WAT_VOL,BORE_WI_VOL,FLOW_KIND,WELL_TYPE
2014-04-07,15/9-F-1 C,0.000,0.000,0.000,0.000,0.000,0.000,0.000,0.000,,production,WI
2014-04-08,15/9-F-1 C,0.000,,,0.000,1.003,0.000,0.000,0.000,,production,OP
2014-04-09,15/9-F-1 C,0.000,,,0.000,0.979,0.000,0.000,0.000,,production,OP
2014-04-10,15/9-F-1 C,0.000,,,0.000,0.546,0.000,0.000,0.000,,production,OP
2014-04-11,15/9-F-1 C,0.000,310.376,96.876,33.098,1.216,0.000,0.000,0.000,,production,OP
2014-04-12,15/9-F-1 C,0.000,303.501,96.923,22.053,3.087,0.000,0.000,0.000,,production,OP
2014-04-13,15/9-F-1 C,0.000,303.535,96.959,27.503,1.962,0.000,0.000,0.000,,production,OP
2014-04-14,15/9-F-1 C,0.000,303.782,96.969,20.996,0.000,0.000,0.000,0.000,,production,OP
2014-04-15,15/9-F-1 C,0.000,303.858,97.021,13.918,31.142,0.000,0.000,0.000,,production,OP
2014-04-16,15/9-F-1 C,0.000,303.792,97.066,4.120,0.000,0.000,0.000,0.000,,production,OP
2014-04-17,15/9-F-1 C,0.000,304.335,96.919,21.434,41.236,0.000,0.000,0.000,,production,OP
2014-04-18,15/9-F-1 C,0.000,304.849,96.720,31.148,0.000,0.000,0.000,0.000,,production,OP
2014-04-19,15/9-F-1 C,0.000,305.371,96.616,45.752,0.437,0.000,0.000,0.000,,production,OP
2014-04-20,15/9-F-1 C,0.000,313.871,96.560,31.056,0.454,0.000,0.000,0.000,,production,OP
2014-04-21,15/9-F-1 C,11.500,301.376,102.676,96.580,20.990,0.000,0.000,0.000,,production,OP
2014-04-22,15/9-F-1 C,24.000,289.421,106.353,107.362,43.343,631.470,90439.090,0.000,,production,OP
2014-04-23,15/9-F-1 C,24.000,270.240,107.644,99.187,47.168,1166.460,165720.390,0.000,,production,OP
2014-04-24,15/9-F-1 C,24.000,262.843,107.869,94.601,47.732,1549.810,221707.310,0.000,,production,OP
2014-04-25,15/9-F-1 C,24.000,255.527,107.971,89.988,48.534,1248.700,178063.520,0.000,,production,OP
2014-04-26,15/9-F-1 C,24.000,247.199,108.052,84.777,49.845,1345.780,192602.190,0.000,,production,OP
2014-04-27,15/9-F-1 C,24.000,240.736,108.054,80.837,50.297,1349.560,194496.270,0.000,,production,OP
2014-04-28,15/9-F-1 C,24.000,235.021,108.042,77.338,50.736,1345.610,192899.710,0.000,,production,OP
2014-04-29,15/9-F-1 C,24.000,232.744,107.988,75.949,50.114,1279.460,184900.310,0.000,,production,OP
2014-04-30,15/9-F-1 C,24.000,233.298,107.893,76.118,48.927,1225.620,177107.860,0.000,,production,OP
2014-05-01,15/9-F-1 C,24.000,231.089,107.877,74.690,48.939,1212.900,174608.880,0.000,,production,OP
2014-05-02,15/9-F-1 C,24.000,231.419,107.817,74.729,48.304,1074.040,154870.670,0.000,,production,OP
2014-05-03,15/9-F-1 C,24.000,230.766,107.795,74.160,48.173,1044.170,147929.930,0.000,,production,OP
2014-05-04,15/9-F-1 C,24.000,230.596,107.764,73.908,47.466,970.200,139378.450,0.000,,production,OP
2014-05-05,15/9-F-1 C,24.000,229.424,107.780,72.994,47.840,946.120,136980.490,0.000,,production,OP
2014-05-06,15/9-F-1 C,24.000,225.902,107.860,70.952,49.006,1002.830,144950.150,0.000,,production,OP
2014-05-07,15/9-F-1 C,24.000,225.768,107.838,70.710,47.920,925.310,135000.240,0.000,,production,OP
2014-05-08,15/9-F-1 C,24.000,225.687,107.821,70.545,47.297,913.860,127564.510,0.000,,production,OP
2014-05-09,15/9-F-1 C,13.833,227.798,107.599,70.946,29.134,176.800,24322.700,0.000,,production,OP
2014-05-10,15/9-F-1 C,24.000,226.061,107.684,70.896,48.134,944.190,52162.580,0.000,,production,OP
2014-05-11,15/9-F-1 C,24.000,225.097,107.836,69.935,47.494,823.410,117731.720,0.000,,production,OP
2014-05-12,15/9-F-1 C,24.000,226.023,107.772,70.226,46.934,769.010,111238.010,0.000,,production,OP
2014-05-13,15/9-F-1 C,24.000,226.905,107.717,70.328,46.335,740.800,107144.400,0.000,,production,OP
2014-05-14,15/9-F-1 C,24.000,225.576,107.741,69.372,45.162,713.240,102880.550,0.000,,production,OP
2014-05-15,15/9-F-1 C,24.000,225.893,107.709,69.067,46.316,743.830,106745.440,0.000,,production,OP
2014-05-16,15/9-F-1 C,24.000,225.701,107.710,68.593,46.346,736.090,104864.020,0.000,,production,OP
2014-05-17,15/9-F-1 C,24.000,223.603,107.778,67.256,47.087,782.880,110078.320,0.000,,production,OP
2014-05-18,15/9-F-1 C,24.000,220.102,107.889,65.407,47.770,834.680,117387.580,0.000,,production,OP
2014-05-19,15/9-F-1 C,24.000,220.490,107.860,65.314,47.136,788.800,109517.370,0.000,,production,OP
2014-05-20,15/9-F-1 C,24.000,220.154,107.859,64.916,47.142,783.060,109362.200,0.000,,production,OP
2014-05-21,15/9-F-1 C,24.000,220.066,107.851,64.691,46.525,743.770,104993.120,0.000,,production,OP
2014-05-22,15/9-F-1 C,24.000,219.983,107.852,64.436,46.289,735.410,107115.770,0.000,,production,OP
2014-05-23,15/9-F-1 C,24.000,219.863,107.867,64.291,46.284,742.890,108079.030,93.310,,production,OP
2014-05-24,15/9-F-1 C,24.000,219.923,107.883,64.170,46.242,746.540,108387.020,100.420,,production,OP
2014-05-25,15/9-F-1 C,24.000,219.977,107.903,64.073,46.262,750.570,105809.710,101.010,,production,OP
2014-05-26,15/9-F-1 C,24.000,219.974,107.921,63.930,46.265,727.260,106514.130,86.620,,production,OP
2014-05-27,15/9-F-1 C,24.000,219.980,107.936,63.737,46.226,715.500,105800.290,91.080,,production,OP
2014-05-28,15/9-F-1 C,24.000,219.267,107.445,63.551,46.215,695.010,102249.560,76.960,,production,OP
2014-05-29,15/9-F-1 C,24.000,220.007,107.962,63.458,46.215,698.770,102823.500,77.130,,production,OP
2014-05-30,15/9-F-1 C,24.000,220.000,107.974,63.335,46.232,704.080,103977.990,77.960,,production,OP
2014-05-31,15/9-F-1 C,24.000,219.994,107.985,63.210,46.207,715.930,105761.320,78.990,,production,OP
2014-06-01,15/9-F-1 C,24.000,220.006,107.994,63.142,46.265,724.210,107035.760,80.080,,production,OP
2014-06-02,15/9-F-1 C,22.000,221.328,107.825,63.790,41.713,459.830,68263.310,46.210,,production,OP
2014-06-03,15/9-F-1 C,24.000,220.240,107.965,62.373,46.193,715.100,104865.930,80.700,,production,OP
2014-06-04,15/9-F-1 C,24.000,221.268,107.961,61.817,46.157,706.800,104234.100,79.730,,production,OP
2014-06-05,15/9-F-1 C,24.000,221.045,107.973,62.286,47.042,677.290,99517.490,90.570,,production,OP
2014-06-06,15/9-F-1 C,24.000,220.750,107.987,63.076,47.203,690.380,99850.490,92.180,,production,OP
2014-06-07,15/9-F-1 C,24.000,220.640,107.994,63.362,47.194,694.300,100306.260,92.070,,production,OP
2014-06-08,15/9-F-1 C,24.000,220.504,108.003,63.319,47.152,690.700,99959.040,91.250,,production,OP
2014-06-09,15/9-F-1 C,19.500,221.451,107.757,62.337,38.979,238.450,34915.850,28.150,,production,OP
2014-06-10,15/9-F-1 C,24.000,220.852,107.991,62.777,46.513,647.110,95262.300,84.880,,production,OP
2014-06-11,15/9-F-1 C,24.000,218.415,108.065,61.730,47.815,745.920,108793.220,94.230,,production,OP
2014-06-12,15/9-F-1 C,24.000,215.497,108.139,59.938,48.728,804.850,116554.820,101.880,,production,OP
2014-06-13,15/9-F-1 C,24.000,214.823,108.135,60.138,48.264,818.890,120308.030,56.750,,production,OP
2014-06-14,15/9-F-1 C,24.000,215.833,108.105,60.235,48.006,781.210,115374.090,54.320,,production,OP
2014-06-15,15/9-F-1 C,24.000,214.877,108.114,59.920,48.040,786.160,116058.030,54.550,,production,OP
2014-06-16,15/9-F-1 C,24.000,215.381,108.088,60.048,47.740,757.430,111152.610,51.840,,production,OP
2014-06-17,15/9-F-1 C,24.000,216.119,108.067,60.140,47.624,726.500,107050.890,50.670,,production,OP
2014-06-18,15/9-F-1 C,24.000,215.984,108.066,59.787,47.640,723.960,106456.630,51.300,,production,OP
2014-06-19,15/9-F-1 C,24.000,215.818,108.066,59.440,47.607,715.280,105827.770,52.960,,production,OP
2014-06-20,15/9-F-1 C,24.000,215.579,108.073,59.091,47.585,710.620,104860.950,50.870,,production,OP
2014-06-21,15/9-F-1 C,24.000,215.304,108.079,58.705,47.611,708.040,104155.820,50.480,,production,OP
2014-06-22,15/9-F-1 C,24.000,214.949,108.085,58.236,47.620,702.730,102417.800,51.700,,production,OP
2014-06-23,15/9-F-1 C,24.000,214.858,108.087,57.464,47.660,695.740,102284.590,51.690,,production,OP
2014-06-24,15/9-F-1 C,24.000,214.897,108.080,56.908,47.628,658.270,96651.980,94.650,,production,OP
2014-06-25,15/9-F-1 C,24.000,214.822,108.084,56.875,46.568,576.350,85082.220,79.350,,production,OP
2014-06-26,15/9-F-1 C,16.583,219.559,107.447,60.978,44.000,369.830,55419.550,51.460,,production,OP
2014-06-27,15/9-F-1 C,23.833,217.252,107.635,54.462,44.375,418.450,63214.180,59.200,,production,OP
2014-06-28,15/9-F-1 C,24.000,215.093,108.078,54.327,47.053,588.960,88192.510,91.660,,production,OP
2014-06-29,15/9-F-1 C,24.000,215.259,108.099,55.062,46.832,571.880,85616.390,81.730,,production,OP
2014-06-30,15/9-F-1 C,24.000,215.351,108.108,55.139,45.828,512.520,76979.080,71.370,,production,OP
2014-07-01,15/9-F-1 C,24.000,215.385,108.114,54.967,46.787,563.260,84307.540,78.690,,production,OP
2014-07-02,15/9-F-1 C,24.000,215.407,108.119,54.808,46.800,564.260,84364.910,78.720,,production,OP
2014-07-03,15/9-F-1 C,24.000,215.332,108.124,54.551,46.804,565.090,84351.110,78.880,,production,OP
2014-07-04,15/9-F-1 C,24.000,215.211,108.129,54.111,46.847,563.730,84183.260,79.550,,production,OP
2014-07-05,15/9-F-1 C,24.000,215.119,108.132,53.635,46.856,563.460,83869.610,79.950,,production,OP
2014-07-06,15/9-F-1 C,24.000,215.067,108.134,53.094,46.865,563.380,83853.800,80.300,,production,OP
2014-07-07,15/9-F-1 C,24.000,215.070,108.136,52.663,46.825,522.000,77846.760,154.470,,production,WI
2014-07-08,15/9-F-1 C,24.000,215.047,108.139,52.024,46.804,523.330,77885.200,247.100,,production,OP
2014-07-09,15/9-F-1 C,24.000,215.136,108.140,51.247,46.807,521.970,77858.580,247.090,,production,OP
2014-07-10,15/9-F-1 C,24.000,215.165,108.143,50.932,46.792,490.490,73240.810,212.890,,production,OP
2014-07-11,15/9-F-1 C,24.000,215.188,108.144,50.492,46.788,491.710,72894.630,253.180,,production,OP
2014-07-12,15/9-F-1 C,24.000,215.464,108.142,49.536,46.859,488.440,72637.030,203.870,,production,OP
2014-07-13,15/9-F-1 C,24.000,215.759,108.134,49.016,46.800,481.590,71515.340,199.790,,production,OP
2014-07-14,15/9-F-1 C,24.000,215.977,108.121,48.565,47.003,492.020,73095.920,215.320,,production,OP
2014-07-15,15/9-F-1 C,24.000,215.051,108.145,48.862,47.885,476.080,70443.100,246.800,,production,OP
2014-07-16,15/9-F-1 C,24.000,214.827,108.150,48.486,47.761,466.340,69327.140,243.780,,production,OP
2014-07-17,15/9-F-1 C,24.000,214.761,108.151,48.176,47.714,463.640,68816.510,241.880,,production,OP
2014-07-18,15/9-F-1 C,24.000,214.923,108.148,47.449,47.695,459.370,68361.170,240.960,,production,OP
2014-07-19,15/9-F-1 C,24.000,215.035,108.147,47.396,47.686,458.090,68466.240,240.670,,production,OP
2014-07-20,15/9-F-1 C,22.417,216.045,108.021,47.218,43.934,290.870,44919.060,139.310,,production,OP
2014-07-21,15/9-F-1 C,24.000,215.112,108.142,44.812,47.977,487.330,72965.950,255.690,,production,OP
2014-07-22,15/9-F-1 C,24.000,215.062,108.176,46.346,47.701,468.630,69274.030,242.240,,production,OP
2014-07-23,15/9-F-1 C,24.000,215.205,108.182,46.157,47.718,465.250,69890.630,239.870,,production,OP
2014-07-24,15/9-F-1 C,24.000,215.378,108.182,46.097,47.633,466.580,69742.960,232.450,,production,OP
2014-07-25,15/9-F-1 C,24.000,215.526,108.183,45.756,47.656,464.220,69237.420,233.390,,production,OP
2014-07-26,15/9-F-1 C,24.000,215.614,108.183,45.501,47.610,458.900,68830.600,251.500,,production,OP
2014-07-27,15/9-F-1 C,24.000,215.844,108.183,44.887,47.591,460.830,68637.710,260.120,,production,OP
2014-07-28,15/9-F-1 C,24.000,216.087,108.183,44.642,47.602,457.950,68330.740,245.260,,production,OP
2014-07-29,15/9-F-1 C,24.000,215.966,108.191,44.598,48.132,481.510,71884.800,258.750,,production,OP
2014-07-30,15/9-F-1 C,24.000,214.626,108.233,44.990,48.717,489.430,72278.480,243.170,,production,OP
2014-07-31,15/9-F-1 C,24.000,215.092,108.220,43.247,48.718,375.930,56054.710,218.340,,production,OP
2014-08-01,15/9-F-1 C,24.000,215.027,108.221,43.671,48.721,378.380,56399.270,218.270,,production,OP
2014-08-02,15/9-F-1 C,24.000,215.155,108.217,43.139,48.705,379.410,56289.520,217.930,,production,OP
2014-08-03,15/9-F-1 C,24.000,215.130,108.217,43.251,48.699,377.420,56568.780,212.920,,production,OP
2014-08-04,15/9-F-1 C,24.000,212.895,108.262,44.036,49.538,417.980,61912.180,228.260,,production,OP
2014-08-05,15/9-F-1 C,24.000,210.167,108.325,43.409,49.633,507.750,75078.330,262.220,,production,OP
2014-08-06,15/9-F-1 C,24.000,209.823,108.321,42.617,49.594,469.730,69712.660,252.810,,production,OP
2014-08-07,15/9-F-1 C,24.000,210.094,108.307,41.051,50.195,521.260,77390.650,293.660,,production,OP
2014-08-08,15/9-F-1 C,24.000,210.184,108.297,40.365,50.211,518.320,76994.950,297.200,,production,OP
2014-08-09,15/9-F-1 C,24.000,210.545,108.283,40.148,49.946,493.370,73656.880,289.960,,production,OP
2014-08-10,15/9-F-1 C,24.000,210.631,108.281,39.773,50.239,509.210,76002.490,303.180,,production,OP
2014-08-11,15/9-F-1 C,24.000,213.448,108.171,37.350,49.437,351.800,52975.290,240.500,,production,OP
2014-08-12,15/9-F-1 C,24.000,215.506,108.138,37.094,48.828,287.030,44830.190,240.330,,production,OP
2014-08-13,15/9-F-1 C,24.000,215.895,108.159,37.892,48.578,278.580,44300.380,235.040,,production,OP
2014-08-14,15/9-F-1 C,24.000,215.855,108.189,38.832,48.498,297.190,47071.120,248.980,,production,OP
2014-08-15,15/9-F-1 C,24.000,215.777,108.204,39.543,48.472,297.330,46462.150,247.880,,production,OP
2014-08-16,15/9-F-1 C,24.000,216.002,108.202,39.366,48.479,296.200,44219.400,246.540,,production,OP
2014-08-17,15/9-F-1 C,24.000,216.016,108.211,39.839,48.473,296.120,44243.430,247.160,,production,OP
2014-08-18,15/9-F-1 C,24.000,216.082,108.215,40.001,48.447,293.350,44083.130,246.910,,production,OP
2014-08-19,15/9-F-1 C,0.992,217.065,108.215,40.589,15.614,0.000,0.000,0.000,,production,OP
2014-08-20,15/9-F-1 C,0.000,242.944,103.647,0.566,0.515,0.000,0.000,0.000,,production,OP
2014-08-21,15/9-F-1 C,0.000,234.107,104.129,0.586,0.536,0.000,0.000,0.000,,production,OP
2014-08-22,15/9-F-1 C,0.000,234.107,104.129,0.586,0.536,0.000,0.000,0.000,,production,OP
2014-08-23,15/9-F-1 C,0.000,234.107,104.129,0.586,0.536,0.000,0.000,0.000,,production,OP
2014-08-24,15/9-F-1 C,0.000,234.107,104.129,0.586,0.536,0.000,0.000,0.000,,production,OP
2014-08-25,15/9-F-1 C,0.000,266.286,101.806,60.499,0.505,0.000,0.000,0.000,,production,OP
2014-08-26,15/9-F-1 C,0.000,268.533,101.253,79.843,0.527,0.000,0.000,0.000,,production,OP
2014-08-27,15/9-F-1 C,0.000,271.096,101.206,81.065,0.519,0.000,0.000,0.000,,production,OP
2014-08-28,15/9-F-1 C,0.000,266.151,98.061,81.914,0.510,0.000,0.000,0.000,,production,OP
2014-08-29,15/9-F-1 C,0.000,276.538,101.183,81.324,0.492,0.000,0.000,0.000,,production,OP
2014-08-30,15/9-F-1 C,0.000,279.004,101.128,82.269,0.479,0.000,0.000,0.000,,production,OP
2014-08-31,15/9-F-1 C,0.000,281.008,101.032,73.889,0.492,0.000,0.000,0.000,,production,OP
2014-09-01,15/9-F-1 C,0.000,282.916,100.949,50.898,0.506,0.000,0.000,0.000,,production,OP
2014-09-02,15/9-F-1 C,3.875,284.441,100.737,40.805,3.734,0.000,0.000,0.000,,production,OP
2014-09-03,15/9-F-1 C,19.167,248.024,106.953,42.190,40.670,103.770,16925.680,74.340,,production,OP
2014-09-04,15/9-F-1 C,24.000,237.287,107.370,28.487,61.089,290.300,46375.590,537.450,,production,OP
2014-09-05,15/9-F-1 C,24.000,223.510,108.490,38.920,53.051,427.630,69487.310,343.530,,production,OP
2014-09-06,15/9-F-1 C,24.000,225.251,108.443,43.664,49.887,422.690,68818.150,341.930,,production,OP
2014-09-07,15/9-F-1 C,24.000,225.938,108.428,44.937,49.634,412.140,67226.270,336.660,,production,OP
2014-09-08,15/9-F-1 C,24.000,224.929,108.435,45.349,49.467,410.960,66847.200,336.990,,production,OP
2014-09-09,15/9-F-1 C,24.000,224.676,108.408,45.539,49.472,409.110,66355.280,333.870,,production,OP
2014-09-10,15/9-F-1 C,24.000,224.654,108.388,45.438,48.697,389.680,63293.200,315.240,,production,OP
2014-09-11,15/9-F-1 C,24.000,225.961,108.339,45.063,48.653,380.290,60994.930,327.070,,production,OP
2014-09-12,15/9-F-1 C,24.000,225.609,108.329,44.882,48.617,391.220,57081.970,324.730,,production,OP
2014-09-13,15/9-F-1 C,24.000,225.300,108.320,44.502,48.647,391.650,57123.130,328.600,,production,OP
2014-09-14,15/9-F-1 C,24.000,225.149,108.315,43.957,48.622,384.470,56615.330,322.530,,production,OP
2014-09-15,15/9-F-1 C,24.000,224.943,108.308,43.647,48.623,342.350,50991.050,291.450,,production,OP
2014-09-16,15/9-F-1 C,24.000,224.805,108.301,43.292,48.627,338.880,50946.900,291.360,,production,OP
2014-09-17,15/9-F-1 C,24.000,224.625,108.298,42.911,48.642,344.500,51928.130,297.380,,production,OP
2014-09-18,15/9-F-1 C,24.000,224.549,108.290,42.577,48.645,333.550,49757.910,304.700,,production,OP
2014-09-19,15/9-F-1 C,24.000,224.559,108.282,42.257,48.600,329.600,49601.740,302.290,,production,OP
2014-09-20,15/9-F-1 C,24.000,221.863,108.331,42.376,49.149,358.200,53618.200,320.360,,production,OP
2014-09-21,15/9-F-1 C,24.000,219.555,108.391,41.886,49.400,377.720,56786.580,332.750,,production,OP
2014-09-22,15/9-F-1 C,24.000,219.888,108.362,41.436,49.300,356.650,53587.320,331.960,,production,OP
2014-09-23,15/9-F-1 C,24.000,219.715,108.354,41.072,49.187,354.310,53315.980,327.970,,production,OP
2014-09-24,15/9-F-1 C,24.000,219.833,108.346,40.457,49.163,338.530,51384.990,318.340,,production,OP
2014-09-25,15/9-F-1 C,24.000,220.009,108.335,40.011,49.130,324.900,49352.260,323.500,,production,OP
2014-09-26,15/9-F-1 C,24.000,219.967,108.331,39.773,49.138,324.950,49388.310,321.980,,production,OP
2014-09-27,15/9-F-1 C,24.000,219.897,108.327,39.668,49.132,322.070,49245.800,322.830,,production,OP
2014-09-28,15/9-F-1 C,23.092,220.042,108.321,39.374,49.014,308.310,47050.780,307.780,,production,OP
2014-09-29,15/9-F-1 C,0.000,243.074,105.065,4.257,6.592,0.000,0.000,0.000,,production,OP
2014-09-30,15/9-F-1 C,8.167,241.919,105.526,42.562,14.407,0.000,0.000,0.000,,production,OP
2014-10-01,15/9-F-1 C,24.000,226.032,107.481,8.076,53.672,55.200,8962.050,142.030,,production,OP
2014-10-02,15/9-F-1 C,24.000,211.873,108.502,30.894,58.428,199.070,31730.640,308.220,,production,OP
2014-10-03,15/9-F-1 C,24.000,221.135,108.404,34.999,51.875,275.220,43000.780,454.650,,production,OP
2014-10-04,15/9-F-1 C,24.000,219.880,108.432,36.712,50.898,287.640,44101.370,459.800,,production,OP
2014-10-05,15/9-F-1 C,24.000,219.474,108.438,37.624,50.546,323.180,49500.610,352.610,,production,OP
2014-10-06,15/9-F-1 C,24.000,220.902,108.399,37.860,50.208,315.320,48232.880,344.360,,production,OP
2014-10-07,15/9-F-1 C,24.000,220.653,108.402,38.216,50.430,322.310,48180.540,335.270,,production,OP
2014-10-08,15/9-F-1 C,24.000,220.669,108.396,38.284,50.493,320.340,49975.210,345.300,,production,OP
2014-10-09,15/9-F-1 C,24.000,220.467,108.396,38.329,50.453,325.920,50479.210,343.830,,production,OP
2014-10-10,15/9-F-1 C,24.000,220.178,108.394,38.379,50.410,329.200,50894.030,327.280,,production,OP
2014-10-11,15/9-F-1 C,24.000,220.156,108.388,38.225,50.396,325.010,50157.650,326.370,,production,OP
2014-10-12,15/9-F-1 C,24.000,220.145,108.382,38.079,50.378,323.370,49865.050,325.880,,production,OP
2014-10-13,15/9-F-1 C,24.000,220.325,108.373,37.813,50.361,320.680,49604.000,335.920,,production,OP
2014-10-14,15/9-F-1 C,24.000,220.439,108.367,37.649,50.363,320.410,49571.910,337.830,,production,OP
2014-10-15,15/9-F-1 C,24.000,220.219,108.368,37.666,50.467,322.670,49750.140,335.650,,production,OP
2014-10-16,15/9-F-1 C,24.000,220.012,108.371,37.584,50.563,322.400,49652.610,331.770,,production,OP
2014-10-17,15/9-F-1 C,24.000,220.213,108.363,37.361,50.559,321.250,49635.230,330.510,,production,OP
2014-10-18,15/9-F-1 C,24.000,220.225,108.360,37.316,50.478,321.220,49749.370,328.680,,production,OP
2014-10-19,15/9-F-1 C,24.000,220.223,108.358,37.133,50.520,323.370,50070.670,328.820,,production,OP
2014-10-20,15/9-F-1 C,24.000,220.721,108.347,36.358,50.864,326.540,50700.180,334.760,,production,OP
2014-10-21,15/9-F-1 C,24.000,220.412,108.351,36.820,50.912,316.210,48561.880,329.900,,production,OP
2014-10-22,15/9-F-1 C,24.000,220.624,108.345,36.679,50.849,314.230,48495.350,335.340,,production,OP
2014-10-23,15/9-F-1 C,24.000,220.618,108.344,36.730,50.819,313.920,48623.420,329.600,,production,OP
2014-10-24,15/9-F-1 C,24.000,220.745,108.341,36.650,50.773,314.240,48608.640,332.000,,production,OP
2014-10-25,15/9-F-1 C,24.000,220.862,108.338,36.589,50.784,317.470,49209.260,333.760,,production,OP
2014-10-26,15/9-F-1 C,25.000,220.958,108.336,36.554,50.800,333.140,51384.550,336.050,,production,OP
2014-10-27,15/9-F-1 C,24.000,219.964,108.360,36.997,50.779,318.200,49190.870,332.650,,production,OP
2014-10-28,15/9-F-1 C,24.000,219.961,108.364,36.666,50.498,315.140,48598.960,325.350,,production,OP
2014-10-29,15/9-F-1 C,24.000,220.718,108.345,36.077,50.499,304.360,46729.010,320.200,,production,OP
2014-10-30,15/9-F-1 C,24.000,221.120,108.333,35.868,51.040,318.250,48777.450,330.730,,production,OP
2014-10-31,15/9-F-1 C,24.000,219.495,108.372,36.842,51.310,322.580,50070.470,329.750,,production,OP
2014-11-01,15/9-F-1 C,24.000,219.785,108.362,36.455,50.918,316.540,49047.960,323.660,,production,OP
2014-11-02,15/9-F-1 C,24.000,220.066,108.353,36.225,50.906,321.290,49771.510,329.740,,production,OP
2014-11-03,15/9-F-1 C,24.000,220.343,108.345,36.028,50.931,295.170,45685.500,328.450,,production,OP
2014-11-04,15/9-F-1 C,24.000,220.487,108.341,35.892,50.892,290.680,45093.920,304.680,,production,OP
2014-11-05,15/9-F-1 C,24.000,221.788,108.303,35.096,51.132,288.260,44831.920,306.520,,production,OP
2014-11-06,15/9-F-1 C,24.000,221.686,108.294,35.142,51.640,292.130,45409.590,310.290,,production,OP
2014-11-07,15/9-F-1 C,24.000,220.011,108.358,36.483,50.843,293.130,45241.110,303.390,,production,OP
2014-11-08,15/9-F-1 C,24.000,219.993,108.357,36.276,50.808,292.290,45656.620,321.660,,production,OP
2014-11-09,15/9-F-1 C,24.000,220.479,108.343,35.810,50.801,289.930,45638.780,325.600,,production,OP
2014-11-10,15/9-F-1 C,24.000,222.466,108.289,34.390,51.700,283.280,46087.720,324.040,,production,OP
2014-11-11,15/9-F-1 C,24.000,219.979,108.352,36.491,51.696,294.550,46628.590,331.500,,production,OP
2014-11-12,15/9-F-1 C,24.000,219.184,108.379,36.444,51.636,295.280,46218.270,317.910,,production,OP
2014-11-13,15/9-F-1 C,24.000,220.275,108.350,35.392,51.605,290.930,45666.250,311.880,,production,OP
2014-11-14,15/9-F-1 C,24.000,220.879,108.328,35.229,51.584,290.460,45494.200,311.760,,production,OP
2014-11-15,15/9-F-1 C,24.000,220.069,108.353,35.660,51.597,293.480,45840.450,310.730,,production,OP
2014-11-16,15/9-F-1 C,24.000,221.136,108.320,34.785,52.042,292.770,45756.050,319.060,,production,OP
2014-11-17,15/9-F-1 C,24.000,222.146,108.280,33.844,52.620,293.110,45039.020,330.080,,production,OP
2014-11-18,15/9-F-1 C,24.000,220.412,108.351,36.082,50.949,289.070,44152.350,313.150,,production,OP
2014-11-19,15/9-F-1 C,24.000,221.504,108.309,35.323,50.932,281.740,43106.730,305.810,,production,OP
2014-11-20,15/9-F-1 C,24.000,220.000,108.343,36.438,50.943,285.320,43755.310,302.500,,production,OP
2014-11-21,15/9-F-1 C,24.000,220.101,108.332,35.988,50.928,283.600,43675.500,300.660,,production,OP
2014-11-22,15/9-F-1 C,24.000,219.919,108.327,35.934,50.927,283.170,43476.890,300.480,,production,OP
2014-11-23,15/9-F-1 C,24.000,221.057,108.185,34.649,50.847,272.890,42663.270,299.460,,production,OP
2014-11-24,15/9-F-1 C,15.775,229.950,107.679,28.380,26.530,0.000,0.000,0.000,,production,OP
2014-11-25,15/9-F-1 C,0.000,244.406,104.076,49.105,0.000,0.000,0.000,0.000,,production,OP
2014-11-26,15/9-F-1 C,0.000,246.393,102.491,68.657,0.260,0.000,0.000,0.000,,production,OP
2014-11-27,15/9-F-1 C,0.000,252.373,102.350,7.178,7.326,0.000,0.000,0.000,,production,OP
2014-11-28,15/9-F-1 C,0.000,264.578,102.348,45.878,0.049,0.000,0.000,0.000,,production,OP
2014-11-29,15/9-F-1 C,0.000,268.789,102.093,81.154,0.047,0.000,0.000,0.000,,production,OP
2014-11-30,15/9-F-1 C,12.000,247.358,105.829,38.622,35.116,1.260,250.790,1.230,,production,OP
2014-12-01,15/9-F-1 C,13.500,255.410,105.648,6.545,56.644,120.290,25857.080,183.440,,production,OP
2014-12-02,15/9-F-1 C,0.000,261.053,102.630,37.445,0.279,0.000,0.000,0.000,,production,OP
2014-12-03,15/9-F-1 C,0.000,262.684,101.829,50.411,0.259,0.000,0.000,0.000,,production,OP
2014-12-04,15/9-F-1 C,0.000,264.249,102.946,63.531,9.270,0.000,0.000,0.000,,production,OP
2014-12-05,15/9-F-1 C,14.000,257.446,107.889,73.785,27.032,0.000,0.000,0.000,,production,OP
2014-12-06,15/9-F-1 C,0.000,269.998,103.164,7.766,0.022,0.000,0.000,0.000,,production,OP
2014-12-07,15/9-F-1 C,0.000,275.952,102.406,0.072,0.022,0.000,0.000,0.000,,production,OP
2014-12-08,15/9-F-1 C,0.000,278.687,102.050,0.159,0.025,0.000,0.000,0.000,,production,OP
2014-12-09,15/9-F-1 C,0.000,281.008,101.824,0.262,0.012,0.000,0.000,0.000,,production,OP
2014-12-10,15/9-F-1 C,0.000,283.097,101.656,0.461,0.007,0.000,0.000,0.000,,production,OP
2014-12-11,15/9-F-1 C,0.000,285.061,101.521,0.519,0.017,0.000,0.000,0.000,,production,OP
2014-12-12,15/9-F-1 C,0.000,286.896,101.409,0.570,0.020,0.000,0.000,0.000,,production,OP
2014-12-13,15/9-F-1 C,0.000,288.623,101.310,0.611,0.030,0.000,0.000,0.000,,production,OP
2014-12-14,15/9-F-1 C,0.000,290.254,101.223,0.725,0.022,0.000,0.000,0.000,,production,OP
2014-12-15,15/9-F-1 C,0.000,291.848,101.145,0.680,0.043,0.000,0.000,0.000,,production,OP
2014-12-16,15/9-F-1 C,0.000,293.312,101.073,0.664,0.000,0.000,0.000,0.000,,production,OP
2014-12-17,15/9-F-1 C,0.000,294.709,101.008,0.688,0.000,0.000,0.000,0.000,,production,OP
2014-12-18,15/9-F-1 C,0.000,296.067,100.947,0.719,0.000,0.000,0.000,0.000,,production,OP
2014-12-19,15/9-F-1 C,0.000,297.338,100.890,0.736,0.000,0.000,0.000,0.000,,production,OP
2014-12-20,15/9-F-1 C,0.000,298.522,100.836,0.719,0.000,0.000,0.000,0.000,,production,OP
2014-12-21,15/9-F-1 C,0.000,299.668,100.787,0.748,0.004,0.000,0.000,0.000,,production,OP
2014-12-22,15/9-F-1 C,0.000,300.789,100.740,0.741,0.001,0.000,0.000,0.000,,production,OP
2014-12-23,15/9-F-1 C,0.000,301.897,100.694,0.739,0.000,0.000,0.000,0.000,,production,OP
2014-12-24,15/9-F-1 C,0.000,302.909,100.652,0.741,0.000,0.000,0.000,0.000,,production,OP
2014-12-25,15/9-F-1 C,0.000,303.889,100.611,0.733,0.000,0.000,0.000,0.000,,production,OP
2014-12-26,15/9-F-1 C,0.000,304.878,100.573,0.736,0.001,0.000,0.000,0.000,,production,OP
2014-12-27,15/9-F-1 C,0.000,305.813,100.535,0.733,0.026,0.000,0.000,0.000,,production,OP
2014-12-28,15/9-F-1 C,0.000,306.697,100.498,0.722,0.016,0.000,0.000,0.000,,production,OP
2014-12-29,15/9-F-1 C,0.000,307.493,100.464,13.910,0.000,0.000,0.000,0.000,,production,OP
2014-12-30,15/9-F-1 C,0.000,308.202,100.435,132.435,0.000,0.000,0.000,0.000,,production,OP
2014-12-31,15/9-F-1 C,0.000,309.332,100.401,133.593,0.000,0.000,0.000,0.000,,production,OP
2015-01-01,15/9-F-1 C,9.500,298.436,105.301,106.027,44.000,94.010,16782.380,65.190,,production,OP
2015-01-02,15/9-F-1 C,24.000,292.150,107.430,100.264,45.952,790.870,118908.670,299.670,,production,OP
2015-01-03,15/9-F-1 C,24.000,279.989,107.896,95.439,47.799,916.810,148644.100,345.310,,production,OP
2015-01-04,15/9-F-1 C,24.000,271.298,107.912,86.589,47.710,788.730,115569.520,400.830,,production,OP
2015-01-05,15/9-F-1 C,24.000,265.070,107.940,81.694,47.867,790.150,115433.130,405.580,,production,OP
2015-01-06,15/9-F-1 C,24.000,258.827,107.946,76.084,47.972,783.850,113935.040,411.880,,production,OP
2015-01-07,15/9-F-1 C,24.000,254.714,107.882,70.751,47.376,574.290,84034.220,461.440,,production,OP
2015-01-08,15/9-F-1 C,24.000,251.043,107.878,68.583,48.111,626.390,90849.230,512.880,,production,OP
2015-01-09,15/9-F-1 C,17.667,247.724,107.561,58.985,36.355,355.750,51609.080,282.810,,production,OP
2015-01-10,15/9-F-1 C,20.667,244.412,107.638,65.234,40.789,422.910,61324.120,311.750,,production,OP
2015-01-11,15/9-F-1 C,24.000,243.650,107.788,59.703,47.869,486.970,70280.920,366.900,,production,OP
2015-01-12,15/9-F-1 C,24.000,239.913,107.881,62.170,49.043,597.290,86569.340,418.660,,production,OP
2015-01-13,15/9-F-1 C,24.000,234.206,107.908,59.510,50.156,610.330,88850.280,425.680,,production,OP
2015-01-14,15/9-F-1 C,24.000,230.074,107.536,41.925,55.802,580.740,85171.100,438.070,,production,OP
2015-01-15,15/9-F-1 C,24.000,230.811,107.820,45.859,50.540,461.020,66952.090,329.920,,production,OP
2015-01-16,15/9-F-1 C,24.000,229.089,107.822,50.923,48.985,453.090,64393.570,307.310,,production,OP
2015-01-17,15/9-F-1 C,24.000,228.883,107.817,50.387,48.974,418.970,61533.750,292.680,,production,OP
2015-01-18,15/9-F-1 C,24.000,228.883,107.817,50.387,48.974,442.160,64668.400,292.770,,production,OP
2015-01-19,15/9-F-1 C,24.000,228.883,107.817,50.387,48.974,447.320,65213.050,295.520,,production,OP
2015-01-20,15/9-F-1 C,18.667,224.075,107.209,51.012,29.400,226.240,33090.820,180.330,,production,OP
2015-01-21,15/9-F-1 C,1.000,226.790,106.085,18.206,18.765,7.640,1121.790,5.620,,production,OP
2015-01-22,15/9-F-1 C,0.000,234.755,103.117,31.844,0.000,0.000,0.000,0.000,,production,OP
2015-01-23,15/9-F-1 C,0.000,239.532,102.257,46.292,0.000,0.000,0.000,0.000,,production,OP
2015-01-24,15/9-F-1 C,0.000,243.039,101.578,65.221,0.000,0.000,0.000,0.000,,production,OP
2015-01-25,15/9-F-1 C,0.000,249.684,101.358,83.884,0.000,0.000,0.000,0.000,,production,OP
2015-01-26,15/9-F-1 C,0.000,261.648,101.595,92.883,0.000,0.000,0.000,0.000,,production,OP
2015-01-27,15/9-F-1 C,0.000,265.823,101.495,95.060,0.000,0.000,0.000,0.000,,production,OP
2015-01-28,15/9-F-1 C,0.000,268.731,101.377,96.664,0.000,0.000,0.000,0.000,,production,OP
2015-01-29,15/9-F-1 C,13.692,258.506,103.736,31.634,31.085,0.000,0.000,0.000,,production,OP
2015-01-30,15/9-F-1 C,14.725,260.211,101.820,28.757,33.572,0.000,0.000,0.000,,production,OP
2015-01-31,15/9-F-1 C,0.000,263.146,100.630,56.004,0.000,0.000,0.000,0.000,,production,OP
2015-02-01,15/9-F-1 C,0.000,265.351,100.465,72.347,0.000,0.000,0.000,0.000,,production,OP
2015-02-02,15/9-F-1 C,0.000,267.762,100.430,83.804,0.000,0.000,0.000,0.000,,production,OP
2015-02-03,15/9-F-1 C,0.000,276.378,100.719,92.826,0.000,0.000,0.000,0.000,,production,OP
2015-02-04,15/9-F-1 C,0.000,282.140,100.736,64.681,15.735,0.000,0.000,0.000,,production,OP
2015-02-05,15/9-F-1 C,0.000,285.124,100.700,0.134,16.229,0.000,0.000,0.000,,production,OP
2015-02-06,15/9-F-1 C,0.000,286.917,100.659,0.141,0.000,0.000,0.000,0.000,,production,OP
2015-02-07,15/9-F-1 C,0.000,288.278,100.615,0.169,0.000,0.000,0.000,0.000,,production,OP
2015-02-08,15/9-F-1 C,0.000,289.512,100.573,0.216,0.000,0.000,0.000,0.000,,production,OP
2015-02-09,15/9-F-1 C,10.475,273.925,107.035,51.263,21.282,125.260,20461.250,471.470,,production,OP
2015-02-10,15/9-F-1 C,24.000,266.945,107.795,61.239,48.896,402.410,61862.190,663.830,,production,OP
2015-02-11,15/9-F-1 C,24.000,259.991,107.911,60.687,48.959,474.100,72529.770,557.040,,production,OP
2015-02-12,15/9-F-1 C,24.000,254.664,107.941,58.591,48.945,466.030,71095.250,550.250,,production,OP
2015-02-13,15/9-F-1 C,24.000,248.494,107.055,55.644,48.408,423.360,64496.630,534.750,,production,OP
2015-02-14,15/9-F-1 C,24.000,247.161,107.928,53.772,49.025,421.260,64061.910,544.040,,production,OP
2015-02-15,15/9-F-1 C,24.000,242.392,106.969,51.201,48.045,419.020,63549.540,538.950,,production,OP
2015-02-16,15/9-F-1 C,24.000,242.438,107.906,50.016,49.028,419.540,63731.420,468.270,,production,OP
2015-02-17,15/9-F-1 C,24.000,240.784,107.897,48.565,46.804,409.690,62914.700,474.070,,production,OP
2015-02-18,15/9-F-1 C,24.000,237.658,107.979,49.566,50.764,519.640,77678.670,551.100,,production,OP
2015-02-19,15/9-F-1 C,24.000,230.460,108.072,49.685,52.935,652.820,97101.110,618.780,,production,OP
2015-02-20,15/9-F-1 C,24.000,226.449,108.035,46.885,53.107,638.160,95395.520,702.450,,production,OP
2015-02-21,15/9-F-1 C,24.000,223.744,108.019,44.022,53.242,624.590,93261.670,672.220,,production,OP
2015-02-22,15/9-F-1 C,24.000,222.108,108.010,41.519,53.325,475.600,70961.750,544.640,,production,OP
2015-02-23,15/9-F-1 C,24.000,221.137,107.998,39.350,53.273,410.070,61684.060,479.460,,production,OP
2015-02-24,15/9-F-1 C,24.000,219.292,108.041,39.396,55.836,625.900,92974.810,555.930,,production,OP
2015-02-25,15/9-F-1 C,24.000,211.716,108.177,40.875,60.368,940.930,137836.140,770.810,,production,OP
2015-02-26,15/9-F-1 C,24.000,208.736,108.164,37.110,60.361,738.490,108413.190,622.560,,production,OP
2015-02-27,15/9-F-1 C,18.942,208.160,108.104,33.568,47.620,399.770,59444.090,424.370,,production,OP
2015-02-28,15/9-F-1 C,0.000,214.945,104.493,55.360,0.000,0.000,0.000,0.000,,production,OP
2015-03-01,15/9-F-1 C,0.000,220.501,103.265,61.898,0.000,0.000,0.000,0.000,,production,OP
2015-03-02,15/9-F-1 C,0.000,225.388,102.678,66.680,0.000,0.000,0.000,0.000,,production,OP
2015-03-03,15/9-F-1 C,0.000,230.093,102.319,70.024,0.000,0.000,0.000,0.000,,production,OP
2015-03-04,15/9-F-1 C,0.000,225.526,97.880,70.580,0.000,0.000,0.000,0.000,,production,OP
2015-03-05,15/9-F-1 C,0.000,239.261,101.761,77.210,0.000,0.000,0.000,0.000,,production,OP
2015-03-06,15/9-F-1 C,0.000,243.178,101.472,78.641,0.900,0.000,0.000,0.000,,production,OP
2015-03-07,15/9-F-1 C,0.000,247.131,101.206,27.233,0.103,0.000,0.000,0.000,,production,OP
2015-03-08,15/9-F-1 C,0.000,254.258,100.795,75.649,0.000,0.000,0.000,0.000,,production,OP
2015-03-09,15/9-F-1 C,0.000,264.922,101.115,87.684,0.000,0.000,0.000,0.000,,production,OP
2015-03-10,15/9-F-1 C,0.000,269.466,101.092,90.958,0.000,0.000,0.000,0.000,,production,OP
2015-03-11,15/9-F-1 C,0.000,272.238,101.035,92.960,0.000,0.000,0.000,0.000,,production,OP
2015-03-12,15/9-F-1 C,0.000,275.019,100.972,94.958,0.000,0.000,0.000,0.000,,production,OP
2015-03-13,15/9-F-1 C,0.000,277.665,100.909,96.885,0.000,0.000,0.000,0.000,,production,OP
2015-03-14,15/9-F-1 C,0.000,280.231,100.847,98.783,0.000,0.000,0.000,0.000,,production,OP
2015-03-15,15/9-F-1 C,0.000,282.771,100.790,100.694,0.000,0.000,0.000,0.000,,production,OP
2015-03-16,15/9-F-1 C,0.000,284.848,100.734,102.255,0.000,0.000,0.000,0.000,,production,OP
2015-03-17,15/9-F-1 C,0.000,286.797,100.683,103.740,0.000,0.000,0.000,0.000,,production,OP
2015-03-18,15/9-F-1 C,8.208,269.115,106.697,37.312,19.219,91.760,13339.360,411.900,,production,OP
2015-03-19,15/9-F-1 C,24.000,260.264,107.953,38.202,51.613,216.140,31636.310,1040.420,,production,OP
2015-03-20,15/9-F-1 C,24.000,252.946,108.140,41.188,51.832,222.870,32483.800,1131.360,,production,OP
2015-03-21,15/9-F-1 C,24.000,246.419,108.176,43.275,51.958,225.740,32819.070,1066.040,,production,OP
2015-03-22,15/9-F-1 C,24.000,241.947,108.157,43.289,53.545,385.100,58378.500,759.090,,production,OP
2015-03-23,15/9-F-1 C,24.000,238.198,108.140,41.852,53.516,342.990,53457.100,698.060,,production,OP
2015-03-24,15/9-F-1 C,24.000,235.289,108.118,40.568,53.539,355.760,54800.790,798.300,,production,OP
2015-03-25,15/9-F-1 C,24.000,232.311,108.131,39.710,54.719,447.870,67646.230,898.300,,production,OP
2015-03-26,15/9-F-1 C,24.000,223.935,108.245,39.897,60.038,609.350,89538.880,872.750,,production,OP
2015-03-27,15/9-F-1 C,24.000,220.575,108.192,37.728,59.874,618.610,89062.100,854.720,,production,OP
2015-03-28,15/9-F-1 C,24.000,217.491,108.185,36.464,59.896,565.020,75662.720,781.510,,production,OP
2015-03-29,15/9-F-1 C,24.000,214.867,108.176,35.034,57.233,550.720,79169.640,757.130,,production,OP
2015-03-30,15/9-F-1 C,24.000,212.165,108.204,34.280,63.471,624.440,90173.300,779.340,,production,OP
2015-03-31,15/9-F-1 C,24.000,208.367,108.215,32.974,65.017,622.850,88513.650,758.520,,production,OP
2015-04-01,15/9-F-1 C,6.458,211.300,107.041,28.456,17.947,57.520,8421.710,72.160,,production,OP
2015-04-02,15/9-F-1 C,0.000,221.507,103.488,41.740,0.351,0.000,0.000,0.000,,production,OP
2015-04-03,15/9-F-1 C,0.000,226.788,102.746,48.437,0.319,0.000,0.000,0.000,,production,OP
2015-04-04,15/9-F-1 C,0.000,231.520,102.311,53.288,0.301,0.000,0.000,0.000,,production,OP
2015-04-05,15/9-F-1 C,0.000,236.028,101.881,59.806,0.300,0.000,0.000,0.000,,production,OP
2015-04-06,15/9-F-1 C,0.000,237.980,101.669,70.172,0.314,0.000,0.000,0.000,,production,OP
2015-04-07,15/9-F-1 C,0.000,241.965,101.117,83.776,0.303,0.000,0.000,0.000,,production,OP
2015-04-08,15/9-F-1 C,0.000,256.405,101.338,94.125,0.307,0.000,0.000,0.000,,production,OP
2015-04-09,15/9-F-1 C,0.000,263.096,101.291,98.317,0.294,0.000,0.000,0.000,,production,OP
2015-04-10,15/9-F-1 C,0.000,266.314,101.196,100.258,0.266,0.000,0.000,0.000,,production,OP
2015-04-11,15/9-F-1 C,0.000,269.169,101.111,101.973,0.241,0.000,0.000,0.000,,production,OP
2015-04-12,15/9-F-1 C,0.000,272.010,101.033,103.776,0.241,0.000,0.000,0.000,,production,OP
2015-04-13,15/9-F-1 C,0.000,274.895,100.960,105.623,0.237,0.000,0.000,0.000,,production,OP
2015-04-14,15/9-F-1 C,0.000,277.401,100.892,107.328,0.276,0.000,0.000,0.000,,production,OP
2015-04-15,15/9-F-1 C,0.000,280.046,100.831,109.085,0.263,0.000,0.000,0.000,,production,OP
2015-04-16,15/9-F-1 C,0.000,282.627,100.771,110.832,0.259,0.000,0.000,0.000,,production,OP
2015-04-17,15/9-F-1 C,0.000,285.053,100.716,112.617,0.273,0.000,0.000,0.000,,production,OP
2015-04-18,15/9-F-1 C,0.000,287.457,100.667,114.335,0.263,0.000,0.000,0.000,,production,OP
2015-04-19,15/9-F-1 C,0.000,289.779,100.618,116.063,0.220,0.000,0.000,0.000,,production,OP
2015-04-20,15/9-F-1 C,16.375,275.587,106.038,36.611,31.691,81.910,11892.810,490.870,,production,OP
2015-04-21,15/9-F-1 C,24.000,262.874,108.015,32.877,52.616,172.870,25443.870,1263.330,,production,OP
2015-04-22,15/9-F-1 C,24.000,253.767,108.159,37.075,52.597,268.470,39276.350,1093.310,,production,OP
2015-04-23,15/9-F-1 C,24.000,248.853,108.145,39.364,52.659,320.340,46340.290,879.080,,production,OP
2015-04-24,15/9-F-1 C,24.000,246.511,108.107,39.746,52.653,318.850,46150.430,877.010,,production,OP
2015-04-25,15/9-F-1 C,24.000,243.700,108.111,39.352,52.704,340.530,49280.040,822.810,,production,OP
2015-04-26,15/9-F-1 C,24.000,241.288,108.102,38.729,52.703,339.920,49138.370,770.940,,production,OP
2015-04-27,15/9-F-1 C,24.000,236.871,108.197,38.681,55.267,396.950,57219.100,899.340,,production,OP
2015-04-28,15/9-F-1 C,24.000,232.028,108.227,37.995,56.907,443.990,63898.130,911.000,,production,OP
2015-04-29,15/9-F-1 C,24.000,224.943,108.289,37.198,59.771,574.960,82467.280,814.200,,production,OP
2015-04-30,15/9-F-1 C,24.000,219.367,108.284,35.643,62.132,607.870,87181.430,921.110,,production,OP
2015-05-01,15/9-F-1 C,24.000,213.641,108.289,34.073,65.019,664.960,94868.520,926.260,,production,OP
2015-05-02,15/9-F-1 C,24.000,210.479,108.264,32.240,68.386,621.120,88495.680,868.750,,production,OP
2015-05-03,15/9-F-1 C,9.708,209.442,108.233,31.258,28.405,211.500,30482.870,298.810,,production,OP
2015-05-04,15/9-F-1 C,0.000,222.564,103.890,66.153,0.000,0.000,0.000,0.000,,production,OP
2015-05-05,15/9-F-1 C,0.000,228.487,102.973,70.133,0.000,0.000,0.000,0.000,,production,OP
2015-05-06,15/9-F-1 C,0.000,233.351,102.400,74.348,0.000,0.000,0.000,0.000,,production,OP
2015-05-07,15/9-F-1 C,0.000,237.828,101.922,80.511,0.000,0.000,0.000,0.000,,production,OP
2015-05-08,15/9-F-1 C,0.000,243.559,101.639,88.784,0.000,0.000,0.000,0.000,,production,OP
2015-05-09,15/9-F-1 C,0.000,255.884,101.667,96.834,0.000,0.000,0.000,0.000,,production,OP
2015-05-10,15/9-F-1 C,0.000,261.716,101.516,100.302,0.000,0.000,0.000,0.000,,production,OP
2015-05-11,15/9-F-1 C,0.000,265.168,101.383,102.450,0.000,0.000,0.000,0.000,,production,OP
2015-05-12,15/9-F-1 C,0.000,268.499,101.268,104.484,0.000,0.000,0.000,0.000,,production,OP
2015-05-13,15/9-F-1 C,0.000,271.381,101.165,106.242,0.000,0.000,0.000,0.000,,production,OP
2015-05-14,15/9-F-1 C,0.000,274.266,101.074,108.055,0.000,0.000,0.000,0.000,,production,OP
2015-05-15,15/9-F-1 C,0.000,276.843,100.991,109.705,0.000,0.000,0.000,0.000,,production,OP
2015-05-16,15/9-F-1 C,0.000,279.081,100.915,111.189,0.000,0.000,0.000,0.000,,production,OP
2015-05-17,15/9-F-1 C,0.000,281.350,100.848,112.701,0.000,0.000,0.000,0.000,,production,OP
2015-05-18,15/9-F-1 C,0.000,283.691,100.787,114.293,0.000,0.000,0.000,0.000,,production,OP
2015-05-19,15/9-F-1 C,0.000,285.938,100.728,115.812,0.000,0.000,0.000,0.000,,production,OP
2015-05-20,15/9-F-1 C,0.000,287.891,100.673,117.159,0.000,0.000,0.000,0.000,,production,OP
2015-05-21,15/9-F-1 C,0.000,289.624,100.623,118.387,0.000,0.000,0.000,0.000,,production,OP
2015-05-22,15/9-F-1 C,7.375,264.551,107.264,29.099,22.223,143.080,20890.140,228.120,,production,OP
2015-05-23,15/9-F-1 C,24.000,249.195,108.201,28.979,73.665,502.610,76174.530,768.260,,production,OP
2015-05-24,15/9-F-1 C,24.000,235.035,108.320,35.069,68.763,537.120,78842.940,864.410,,production,OP
2015-05-25,15/9-F-1 C,24.000,233.431,108.169,36.274,57.352,504.770,74291.450,803.300,,production,OP
2015-05-26,15/9-F-1 C,24.000,232.597,108.103,34.812,56.381,353.360,51937.640,762.440,,production,OP
2015-05-27,15/9-F-1 C,20.000,232.834,107.774,32.169,56.465,294.170,43076.570,647.120,,production,OP
2015-05-28,15/9-F-1 C,0.000,238.930,105.420,28.689,0.000,0.000,0.000,0.000,,production,OP
2015-05-29,15/9-F-1 C,0.000,246.977,102.152,59.933,0.220,0.000,0.000,0.000,,production,OP
2015-05-30,15/9-F-1 C,0.000,250.832,101.504,77.642,0.183,0.000,0.000,0.000,,production,OP
2015-05-31,15/9-F-1 C,0.000,256.606,101.340,88.741,0.166,0.000,0.000,0.000,,production,OP
2015-06-01,15/9-F-1 C,0.000,267.100,101.387,96.264,0.160,0.000,0.000,0.000,,production,OP
2015-06-02,15/9-F-1 C,0.000,272.300,101.241,99.661,0.152,0.000,0.000,0.000,,production,OP
2015-06-03,15/9-F-1 C,0.000,275.183,101.107,101.529,0.130,0.000,0.000,0.000,,production,OP
2015-06-04,15/9-F-1 C,0.000,277.793,101.001,103.272,0.138,0.000,0.000,0.000,,production,OP
2015-06-05,15/9-F-1 C,0.000,280.277,100.906,104.957,0.113,0.000,0.000,0.000,,production,OP
2015-06-06,15/9-F-1 C,0.000,282.430,100.817,106.452,0.138,0.000,0.000,0.000,,production,OP
2015-06-07,15/9-F-1 C,0.000,284.312,100.743,107.700,0.117,0.000,0.000,0.000,,production,OP
2015-06-08,15/9-F-1 C,0.000,286.122,100.676,108.973,0.094,0.000,0.000,0.000,,production,OP
2015-06-09,15/9-F-1 C,0.000,287.872,100.618,110.259,0.094,0.000,0.000,0.000,,production,OP
2015-06-10,15/9-F-1 C,0.000,289.517,100.564,111.457,0.083,0.000,0.000,0.000,,production,OP
2015-06-11,15/9-F-1 C,10.450,272.691,106.904,33.621,22.758,83.280,12120.390,435.490,,production,OP
2015-06-12,15/9-F-1 C,24.000,259.989,107.945,33.439,60.862,212.850,31054.740,1287.370,,production,OP
2015-06-13,15/9-F-1 C,24.000,253.845,108.068,36.567,54.852,256.040,36917.370,1013.180,,production,OP
2015-06-14,15/9-F-1 C,24.000,251.027,108.025,38.693,51.820,235.070,34214.480,746.840,,production,OP
2015-06-15,15/9-F-1 C,24.000,248.768,108.022,38.890,51.752,240.060,34789.310,703.210,,production,OP
2015-06-16,15/9-F-1 C,24.000,246.559,107.989,38.206,51.483,245.400,35542.650,603.860,,production,OP
2015-06-17,15/9-F-1 C,24.000,245.202,107.960,37.359,51.355,221.410,32378.430,550.440,,production,OP
2015-06-18,15/9-F-1 C,24.000,243.781,107.963,36.692,51.823,223.270,32481.180,544.720,,production,OP
2015-06-19,15/9-F-1 C,24.000,242.223,107.977,36.108,52.097,229.630,34081.210,554.540,,production,OP
2015-06-20,15/9-F-1 C,24.000,240.638,107.984,35.446,52.448,219.050,32411.650,556.430,,production,OP
2015-06-21,15/9-F-1 C,24.000,239.848,107.956,34.470,52.695,204.650,30485.300,535.840,,production,OP
2015-06-22,15/9-F-1 C,24.000,238.533,108.004,34.572,53.392,211.310,31255.550,548.940,,production,OP
2015-06-23,15/9-F-1 C,24.000,234.811,108.148,35.682,55.362,337.640,49947.530,745.740,,production,OP
2015-06-24,15/9-F-1 C,24.000,228.969,108.224,36.317,56.584,422.220,62161.120,822.750,,production,OP
2015-06-25,15/9-F-1 C,24.000,226.215,108.169,34.805,56.562,387.930,57124.890,710.710,,production,OP
2015-06-26,15/9-F-1 C,24.000,224.206,108.162,33.778,58.214,446.620,65355.840,765.450,,production,OP
2015-06-27,15/9-F-1 C,24.000,221.041,108.196,33.306,60.889,435.550,63621.320,747.140,,production,OP
2015-06-28,15/9-F-1 C,24.000,218.237,108.216,32.401,62.826,451.910,66072.210,751.350,,production,OP
2015-06-29,15/9-F-1 C,24.000,213.810,108.287,31.941,69.609,635.310,91315.490,973.870,,production,OP
2015-06-30,15/9-F-1 C,24.000,207.219,108.320,30.857,73.331,645.300,92006.820,950.820,,production,OP
2015-07-01,15/9-F-1 C,3.292,211.121,107.516,27.686,10.210,15.530,2297.310,26.370,,production,OP
2015-07-02,15/9-F-1 C,0.000,223.997,103.610,48.310,0.000,0.000,0.000,0.000,,production,OP
2015-07-03,15/9-F-1 C,0.000,229.863,102.835,55.110,0.000,0.000,0.000,0.000,,production,OP
2015-07-04,15/9-F-1 C,0.000,234.760,102.269,63.601,0.000,0.000,0.000,0.000,,production,OP
2015-07-05,15/9-F-1 C,0.000,238.998,101.855,72.908,0.000,0.000,0.000,0.000,,production,OP
2015-07-06,15/9-F-1 C,0.000,243.327,101.521,82.699,0.000,0.000,0.000,0.000,,production,OP
2015-07-07,15/9-F-1 C,0.000,250.521,101.443,93.058,0.000,0.000,0.000,0.000,,production,OP
2015-07-08,15/9-F-1 C,0.000,261.363,101.526,100.108,0.000,0.000,0.000,0.000,,production,OP
2015-07-09,15/9-F-1 C,0.000,266.491,101.418,103.247,0.000,0.000,0.000,0.000,,production,OP
2015-07-10,15/9-F-1 C,0.000,269.740,101.314,105.304,0.000,0.000,0.000,0.000,,production,OP
2015-07-11,15/9-F-1 C,0.000,272.552,101.224,107.105,0.000,0.000,0.000,0.000,,production,OP
2015-07-12,15/9-F-1 C,0.000,275.278,101.139,108.830,0.000,0.000,0.000,0.000,,production,OP
2015-07-13,15/9-F-1 C,0.000,277.849,101.061,110.503,0.000,0.000,0.000,0.000,,production,OP
2015-07-14,15/9-F-1 C,0.000,280.240,100.986,112.090,0.000,0.000,0.000,0.000,,production,OP
2015-07-15,15/9-F-1 C,0.000,282.433,100.918,113.535,0.000,0.000,0.000,0.000,,production,OP
2015-07-16,15/9-F-1 C,0.000,284.584,100.858,114.991,0.000,0.000,0.000,0.000,,production,OP
2015-07-17,15/9-F-1 C,0.000,286.930,100.800,116.588,0.000,0.000,0.000,0.000,,production,OP
2015-07-18,15/9-F-1 C,0.000,288.936,100.740,117.976,0.000,0.000,0.000,0.000,,production,OP
2015-07-19,15/9-F-1 C,0.000,290.724,100.691,119.169,0.000,0.000,0.000,0.000,,production,OP
2015-07-20,15/9-F-1 C,0.000,292.301,100.645,120.264,0.000,0.000,0.000,0.000,,production,OP
2015-07-21,15/9-F-1 C,0.000,293.689,100.595,119.822,0.000,0.000,0.000,0.000,,production,OP
2015-07-22,15/9-F-1 C,22.375,268.879,107.548,28.303,55.015,110.700,16834.250,1201.200,,production,OP
2015-07-23,15/9-F-1 C,24.000,257.853,108.119,28.941,76.035,165.820,25057.070,1349.740,,production,OP
2015-07-24,15/9-F-1 C,24.000,248.657,108.212,32.464,62.365,264.650,39858.610,1152.340,,production,OP
2015-07-25,15/9-F-1 C,24.000,248.316,108.076,34.418,53.828,204.350,30789.460,744.250,,production,OP
2015-07-26,15/9-F-1 C,24.000,245.789,108.097,34.475,53.759,229.610,34487.650,733.710,,production,OP
2015-07-27,15/9-F-1 C,24.000,243.756,108.078,34.155,53.478,227.700,34207.250,677.960,,production,OP
2015-07-28,15/9-F-1 C,24.000,242.079,108.059,33.535,53.414,223.780,33825.260,670.660,,production,OP
2015-07-29,15/9-F-1 C,24.000,241.095,108.014,32.548,53.511,182.640,27538.190,580.040,,production,OP
2015-07-30,15/9-F-1 C,24.000,240.008,108.035,32.468,54.514,201.690,30240.300,609.110,,production,OP
2015-07-31,15/9-F-1 C,24.000,237.156,108.130,32.889,56.362,267.480,40043.610,708.880,,production,OP
2015-08-01,15/9-F-1 C,24.000,231.570,108.245,33.713,58.650,350.000,52296.950,826.330,,production,OP
2015-08-02,15/9-F-1 C,24.000,229.023,108.174,32.338,58.560,322.990,48064.420,713.450,,production,OP
2015-08-03,15/9-F-1 C,24.000,225.786,108.216,32.079,62.104,384.650,57758.900,819.920,,production,OP
2015-08-04,15/9-F-1 C,24.000,220.500,108.253,32.233,63.750,443.810,66824.440,844.980,,production,OP
2015-08-05,15/9-F-1 C,24.000,213.109,108.292,30.259,70.878,732.830,107840.050,1146.740,,production,OP
2015-08-06,15/9-F-1 C,24.000,208.740,108.277,29.667,73.516,583.050,86709.920,875.530,,production,OP
2015-08-07,15/9-F-1 C,3.792,210.435,108.143,26.828,11.826,53.690,8197.910,107.080,,production,OP
2015-08-08,15/9-F-1 C,0.000,224.068,103.672,63.749,0.000,0.000,0.000,0.000,,production,OP
2015-08-09,15/9-F-1 C,0.000,229.907,102.826,69.636,0.000,0.000,0.000,0.000,,production,OP
2015-08-10,15/9-F-1 C,0.000,234.763,102.211,77.841,0.000,0.000,0.000,0.000,,production,OP
2015-08-11,15/9-F-1 C,0.000,239.639,101.868,86.713,0.000,0.000,0.000,0.000,,production,OP
2015-08-12,15/9-F-1 C,0.000,251.347,101.902,94.782,0.000,0.000,0.000,0.000,,production,OP
2015-08-13,15/9-F-1 C,0.000,258.846,101.751,99.201,0.000,0.000,0.000,0.000,,production,OP
2015-08-14,15/9-F-1 C,0.000,262.695,101.598,101.436,0.000,0.000,0.000,0.000,,production,OP
2015-08-15,15/9-F-1 C,0.000,266.106,101.469,103.481,0.000,0.000,0.000,0.000,,production,OP
2015-08-16,15/9-F-1 C,0.000,269.289,101.357,105.381,0.000,0.000,0.000,0.000,,production,OP
2015-08-17,15/9-F-1 C,0.000,272.294,101.256,107.257,0.000,0.000,0.000,0.000,,production,OP
2015-08-18,15/9-F-1 C,0.000,274.827,101.163,108.922,0.000,0.000,0.000,0.000,,production,OP
2015-08-19,15/9-F-1 C,0.000,277.311,101.082,110.554,0.000,0.000,0.000,0.000,,production,OP
2015-08-20,15/9-F-1 C,0.000,280.006,101.008,112.316,0.000,0.000,0.000,0.000,,production,OP
2015-08-21,15/9-F-1 C,0.000,282.403,100.951,59.314,20.259,0.000,0.000,0.000,,production,OP
2015-08-22,15/9-F-1 C,0.000,284.682,100.876,0.000,19.414,0.000,0.000,0.000,,production,OP
2015-08-23,15/9-F-1 C,0.000,286.530,100.812,0.000,0.490,0.000,0.000,0.000,,production,OP
2015-08-24,15/9-F-1 C,0.000,288.069,100.757,0.000,0.461,0.000,0.000,0.000,,production,OP
2015-08-25,15/9-F-1 C,0.000,289.661,100.706,5.828,9.519,0.000,0.000,0.000,,production,OP
2015-08-26,15/9-F-1 C,0.000,291.142,100.659,4.794,19.527,0.000,0.000,0.000,,production,OP
2015-08-27,15/9-F-1 C,0.000,292.638,100.614,0.002,0.118,0.000,0.000,0.000,,production,OP
2015-08-28,15/9-F-1 C,0.000,293.821,100.571,0.021,0.107,0.000,0.000,0.000,,production,OP
2015-08-29,15/9-F-1 C,0.000,281.830,95.876,0.044,0.091,0.000,0.000,0.000,,production,OP
2015-08-30,15/9-F-1 C,0.000,295.939,100.494,0.054,0.091,0.000,0.000,0.000,,production,OP
2015-08-31,15/9-F-1 C,0.000,296.511,100.322,0.000,0.092,0.000,0.000,0.000,,production,OP
2015-09-01,15/9-F-1 C,0.000,297.826,100.426,1.065,0.091,0.000,0.000,0.000,,production,OP
2015-09-02,15/9-F-1 C,0.000,298.742,100.368,23.456,0.082,0.000,0.000,0.000,,production,OP
2015-09-03,15/9-F-1 C,0.000,297.712,99.903,93.082,0.070,0.000,0.000,0.000,,production,OP
2015-09-04,15/9-F-1 C,16.158,277.589,107.375,33.449,38.671,176.510,27383.900,933.810,,production,OP
2015-09-05,15/9-F-1 C,24.000,265.459,108.038,33.554,58.933,291.300,44064.480,1417.150,,production,OP
2015-09-06,15/9-F-1 C,24.000,258.201,108.095,35.480,55.808,344.410,51698.110,1068.600,,production,OP
2015-09-07,15/9-F-1 C,24.000,253.934,108.097,36.649,53.856,360.290,53948.960,983.350,,production,OP
2015-09-08,15/9-F-1 C,24.000,250.729,108.086,36.696,53.287,369.910,55458.250,855.050,,production,OP
2015-09-09,15/9-F-1 C,24.000,247.680,108.084,36.228,53.289,370.140,55321.240,818.860,,production,OP
2015-09-10,15/9-F-1 C,24.000,245.182,108.066,35.344,53.294,355.610,53158.570,754.210,,production,OP
2015-09-11,15/9-F-1 C,24.000,243.320,108.032,34.092,53.265,334.510,50330.730,706.990,,production,OP
2015-09-12,15/9-F-1 C,24.000,239.657,108.141,34.101,55.980,397.180,58900.620,858.090,,production,OP
2015-09-13,15/9-F-1 C,24.000,235.341,108.161,33.463,56.809,411.790,60948.220,840.380,,production,OP
2015-09-14,15/9-F-1 C,24.000,232.748,108.140,32.419,57.750,427.440,64121.630,817.920,,production,OP
2015-09-15,15/9-F-1 C,24.000,228.465,108.187,31.921,60.309,434.040,64316.540,890.560,,production,OP
2015-09-16,15/9-F-1 C,24.000,225.027,108.177,31.081,62.166,438.650,64702.000,887.500,,production,OP
2015-09-17,15/9-F-1 C,24.000,220.583,108.213,31.007,65.798,515.220,76528.740,931.110,,production,OP
2015-09-18,15/9-F-1 C,24.000,214.004,108.285,30.833,77.678,614.600,89918.260,1061.290,,production,OP
2015-09-19,15/9-F-1 C,24.000,211.502,108.073,28.527,93.635,509.600,74359.250,765.820,,production,OP
2015-09-20,15/9-F-1 C,8.308,217.541,105.905,24.665,34.853,109.070,16388.920,176.430,,production,OP
2015-09-21,15/9-F-1 C,0.000,227.646,103.362,35.181,0.000,0.000,0.000,0.000,,production,OP
2015-09-22,15/9-F-1 C,0.000,229.312,100.878,43.896,0.000,0.000,0.000,0.000,,production,OP
2015-09-23,15/9-F-1 C,0.000,237.531,101.973,55.876,0.000,0.000,0.000,0.000,,production,OP
2015-09-24,15/9-F-1 C,0.000,242.007,101.519,69.942,0.000,0.000,0.000,0.000,,production,OP
2015-09-25,15/9-F-1 C,0.000,246.114,101.261,81.852,0.000,0.000,0.000,0.000,,production,OP
2015-09-26,15/9-F-1 C,0.000,254.843,101.435,90.420,0.000,0.000,0.000,0.000,,production,OP
2015-09-27,15/9-F-1 C,0.000,263.273,101.400,95.823,0.000,0.000,0.000,0.000,,production,OP
2015-09-28,15/9-F-1 C,0.000,268.063,101.301,98.921,0.000,0.000,0.000,0.000,,production,OP
2015-09-29,15/9-F-1 C,0.000,271.155,101.203,100.975,0.000,0.000,0.000,0.000,,production,OP
2015-09-30,15/9-F-1 C,0.000,273.993,101.117,102.833,0.000,0.000,0.000,0.000,,production,OP
2015-10-01,15/9-F-1 C,0.000,276.828,101.039,104.701,0.000,0.000,0.000,0.000,,production,OP
2015-10-02,15/9-F-1 C,0.000,279.435,100.965,106.449,0.000,0.000,0.000,0.000,,production,OP
2015-10-03,15/9-F-1 C,0.000,281.727,100.897,108.055,0.000,0.000,0.000,0.000,,production,OP
2015-10-04,15/9-F-1 C,0.000,283.897,100.834,109.612,0.000,0.000,0.000,0.000,,production,OP
2015-10-05,15/9-F-1 C,0.000,285.951,100.777,111.090,0.000,0.000,0.000,0.000,,production,OP
2015-10-06,15/9-F-1 C,0.000,287.912,100.724,112.494,0.000,0.000,0.000,0.000,,production,OP
2015-10-07,15/9-F-1 C,0.000,289.486,100.674,113.550,0.000,0.000,0.000,0.000,,production,OP
2015-10-08,15/9-F-1 C,0.000,290.999,100.626,114.627,0.000,0.000,0.000,0.000,,production,OP
2015-10-09,15/9-F-1 C,0.000,292.485,100.583,115.723,0.000,0.000,0.000,0.000,,production,OP
2015-10-10,15/9-F-1 C,0.000,293.909,100.542,116.761,0.000,0.000,0.000,0.000,,production,OP
2015-10-11,15/9-F-1 C,0.000,295.269,100.504,117.783,0.000,0.000,0.000,0.000,,production,OP
2015-10-12,15/9-F-1 C,0.000,296.522,100.467,118.671,0.000,0.000,0.000,0.000,,production,OP
2015-10-13,15/9-F-1 C,0.000,297.575,100.430,119.515,0.000,0.000,0.000,0.000,,production,OP
2015-10-14,15/9-F-1 C,6.108,282.495,105.600,54.686,13.459,68.450,10292.080,231.010,,production,OP
2015-10-15,15/9-F-1 C,24.000,266.729,107.903,26.846,59.010,105.620,16146.960,1645.080,,production,OP
2015-10-16,15/9-F-1 C,24.000,257.855,108.053,29.476,55.380,157.840,23819.660,1228.590,,production,OP
2015-10-17,15/9-F-1 C,24.000,254.754,108.005,32.229,51.613,153.950,23111.450,862.140,,production,OP
2015-10-18,15/9-F-1 C,24.000,253.100,107.963,32.814,50.165,150.210,22354.380,714.550,,production,OP
2015-10-19,15/9-F-1 C,24.000,248.919,108.092,33.458,52.316,225.440,33844.500,861.160,,production,OP
2015-10-20,15/9-F-1 C,24.000,244.906,108.088,33.773,51.121,220.670,33090.490,816.180,,production,OP
2015-10-21,15/9-F-1 C,24.000,243.212,108.031,32.869,52.894,208.220,31224.760,701.650,,production,OP
2015-10-22,15/9-F-1 C,24.000,240.393,108.070,32.265,55.400,217.890,32598.240,698.550,,production,OP
2015-10-23,15/9-F-1 C,24.000,238.339,108.056,31.265,56.322,218.670,32908.070,729.620,,production,OP
2015-10-24,15/9-F-1 C,24.000,234.842,108.111,30.995,58.328,252.890,38310.690,735.200,,production,OP
2015-10-25,15/9-F-1 C,24.000,232.593,108.074,30.053,59.992,284.350,42500.830,786.010,,production,OP
2015-10-26,15/9-F-1 C,24.000,226.844,108.183,32.347,55.619,393.650,64546.060,860.010,,production,OP
2015-10-27,15/9-F-1 C,24.000,222.449,108.174,31.193,56.490,418.620,68466.400,846.550,,production,OP
2015-10-28,15/9-F-1 C,24.000,219.677,108.139,29.959,56.472,399.810,64240.200,801.290,,production,OP
2015-10-29,15/9-F-1 C,24.000,214.760,108.228,29.493,67.665,606.200,93397.010,1014.430,,production,OP
2015-10-30,15/9-F-1 C,1.692,213.320,108.162,29.389,6.644,3.320,520.780,6.690,,production,OP
2015-10-31,15/9-F-1 C,0.000,229.108,103.556,67.717,0.218,0.000,0.000,0.000,,production,OP
2015-11-01,15/9-F-1 C,0.000,235.026,102.693,73.277,0.207,0.000,0.000,0.000,,production,OP
2015-11-02,15/9-F-1 C,0.000,239.437,102.104,81.045,0.199,0.000,0.000,0.000,,production,OP
2015-11-03,15/9-F-1 C,0.000,245.232,101.830,89.189,0.174,0.000,0.000,0.000,,production,OP
2015-11-04,15/9-F-1 C,0.000,256.000,101.820,96.244,0.161,0.000,0.000,0.000,,production,OP
2015-11-05,15/9-F-1 C,0.000,262.626,101.661,100.239,0.159,0.000,0.000,0.000,,production,OP
2015-11-06,15/9-F-1 C,0.000,266.817,101.510,102.771,0.159,0.000,0.000,0.000,,production,OP
2015-11-07,15/9-F-1 C,0.000,270.095,101.384,104.774,0.151,0.000,0.000,0.000,,production,OP
2015-11-08,15/9-F-1 C,0.000,273.110,101.273,106.679,0.140,0.000,0.000,0.000,,production,OP
2015-11-09,15/9-F-1 C,0.000,276.014,101.175,108.548,0.145,0.000,0.000,0.000,,production,OP
2015-11-10,15/9-F-1 C,0.000,278.868,101.088,110.431,0.136,0.000,0.000,0.000,,production,OP
2015-11-11,15/9-F-1 C,0.000,281.617,101.009,112.275,0.128,0.000,0.000,0.000,,production,OP
2015-11-12,15/9-F-1 C,0.000,284.218,100.937,114.035,0.144,0.000,0.000,0.000,,production,OP
2015-11-13,15/9-F-1 C,0.000,286.617,100.872,115.668,0.143,0.000,0.000,0.000,,production,OP
2015-11-14,15/9-F-1 C,0.000,288.758,100.811,117.073,0.158,0.000,0.000,0.000,,production,OP
2015-11-15,15/9-F-1 C,0.000,290.981,100.755,118.672,0.144,0.000,0.000,0.000,,production,OP
2015-11-16,15/9-F-1 C,0.000,292.987,100.704,120.114,0.123,0.000,0.000,0.000,,production,OP
2015-11-17,15/9-F-1 C,0.000,294.823,100.654,121.413,0.132,0.000,0.000,0.000,,production,OP
2015-11-18,15/9-F-1 C,13.258,278.771,106.301,41.454,27.954,63.090,9772.330,409.680,,production,OP
2015-11-19,15/9-F-1 C,24.000,270.762,107.612,26.842,56.911,57.470,8877.680,849.970,,production,OP
2015-11-20,15/9-F-1 C,24.000,263.882,107.884,26.692,60.682,175.110,27014.970,1130.830,,production,OP
2015-11-21,15/9-F-1 C,24.000,251.500,108.181,29.000,60.689,252.270,38791.280,1424.880,,production,OP
2015-11-22,15/9-F-1 C,24.000,244.365,108.215,32.074,60.665,303.180,46436.130,1031.610,,production,OP
2015-11-23,15/9-F-1 C,24.000,239.834,108.202,33.112,60.620,303.740,46216.160,1034.870,,production,OP
2015-11-24,15/9-F-1 C,24.000,236.093,108.168,32.318,60.613,301.020,45609.620,910.300,,production,OP
2015-11-25,15/9-F-1 C,24.000,232.987,108.163,31.162,62.965,308.880,46935.860,932.640,,production,OP
2015-11-26,15/9-F-1 C,24.000,229.877,108.130,29.907,65.614,289.870,44165.410,799.320,,production,OP
2015-11-27,15/9-F-1 C,24.000,227.091,108.150,29.651,55.419,311.810,47139.210,853.140,,production,OP
2015-11-28,15/9-F-1 C,24.000,224.292,108.129,29.128,55.425,318.610,48869.100,808.830,,production,OP
2015-11-29,15/9-F-1 C,24.000,222.149,108.106,28.495,55.490,324.820,49522.640,753.110,,production,OP
2015-11-30,15/9-F-1 C,24.000,220.581,108.088,27.714,55.476,322.180,49034.040,743.130,,production,OP
2015-12-01,15/9-F-1 C,24.000,219.293,108.083,27.104,55.738,318.370,48722.550,736.980,,production,OP
2015-12-02,15/9-F-1 C,24.000,217.105,108.121,26.790,56.257,349.660,53110.240,737.720,,production,OP
2015-12-03,15/9-F-1 C,24.000,215.272,108.139,26.291,56.997,352.550,53761.400,745.330,,production,OP
2015-12-04,15/9-F-1 C,24.000,213.676,108.142,25.715,56.932,372.090,59284.700,770.980,,production,OP
2015-12-05,15/9-F-1 C,24.000,212.131,108.150,25.109,56.805,334.450,51571.830,727.270,,production,OP
2015-12-06,15/9-F-1 C,24.000,211.229,108.146,24.156,56.828,356.490,54832.720,748.850,,production,OP
2015-12-07,15/9-F-1 C,24.000,209.866,108.174,24.054,57.602,361.710,55786.960,763.980,,production,OP
2015-12-08,15/9-F-1 C,24.000,208.079,108.199,23.947,59.030,406.310,62594.940,808.520,,production,OP
2015-12-09,15/9-F-1 C,5.658,207.589,108.192,23.184,13.990,97.790,15245.960,191.920,,production,OP
2015-12-10,15/9-F-1 C,0.000,220.545,103.914,63.980,0.000,0.000,0.000,0.000,,production,OP
2015-12-11,15/9-F-1 C,0.000,226.235,103.165,66.591,0.000,0.000,0.000,0.000,,production,OP
2015-12-12,15/9-F-1 C,0.000,231.205,102.689,69.060,0.000,0.000,0.000,0.000,,production,OP
2015-12-13,15/9-F-1 C,0.000,235.401,102.279,72.599,0.000,0.000,0.000,0.000,,production,OP
2015-12-14,15/9-F-1 C,0.000,240.024,101.910,78.593,0.000,0.000,0.000,0.000,,production,OP
2015-12-15,15/9-F-1 C,0.000,244.596,101.534,87.266,0.000,0.000,0.000,0.000,,production,OP
2015-12-16,15/9-F-1 C,0.000,253.414,101.615,95.755,0.000,0.000,0.000,0.000,,production,OP
2015-12-17,15/9-F-1 C,0.000,262.178,101.570,101.147,0.000,0.000,0.000,0.000,,production,OP
2015-12-18,15/9-F-1 C,0.000,267.454,101.468,104.435,0.000,0.000,0.000,0.000,,production,OP
2015-12-19,15/9-F-1 C,0.000,270.949,101.366,106.593,0.000,0.000,0.000,0.000,,production,OP
2015-12-20,15/9-F-1 C,0.000,273.824,101.276,108.409,0.000,0.000,0.000,0.000,,production,OP
2015-12-21,15/9-F-1 C,0.000,276.623,101.194,110.184,0.000,0.000,0.000,0.000,,production,OP
2015-12-22,15/9-F-1 C,0.000,279.230,101.118,111.851,0.000,0.000,0.000,0.000,,production,OP
2015-12-23,15/9-F-1 C,0.000,281.643,101.049,113.440,0.000,0.000,0.000,0.000,,production,OP
2015-12-24,15/9-F-1 C,0.000,283.953,100.983,114.986,0.000,0.000,0.000,0.000,,production,OP
2015-12-25,15/9-F-1 C,0.000,286.075,100.924,116.409,0.000,0.000,0.000,0.000,,production,OP
2015-12-26,15/9-F-1 C,0.000,288.108,100.869,117.762,0.000,0.000,0.000,0.000,,production,OP
2015-12-27,15/9-F-1 C,0.000,289.947,100.816,119.063,0.000,0.000,0.000,0.000,,production,OP
2015-12-28,15/9-F-1 C,0.000,291.552,100.766,120.161,0.000,0.000,0.000,0.000,,production,OP
2015-12-29,15/9-F-1 C,0.000,292.989,100.719,121.171,0.000,0.000,0.000,0.000,,production,OP
2015-12-30,15/9-F-1 C,0.000,294.821,100.677,122.499,0.000,0.000,0.000,0.000,,production,OP
2015-12-31,15/9-F-1 C,0.000,295.862,100.635,123.168,0.000,0.000,0.000,0.000,,production,OP
2016-01-01,15/9-F-1 C,0.000,296.916,100.595,123.936,0.000,0.000,0.000,0.000,,production,OP
2016-01-02,15/9-F-1 C,0.000,298.101,100.559,124.709,0.000,0.000,0.000,0.000,,production,OP
2016-01-03,15/9-F-1 C,0.000,299.247,100.525,125.501,0.002,0.000,0.000,0.000,,production,OP
2016-01-04,15/9-F-1 C,14.342,284.269,106.160,41.295,26.607,82.820,13437.440,203.140,,production,OP
2016-01-05,15/9-F-1 C,24.000,277.916,107.549,27.459,49.878,32.670,5277.180,843.450,,production,OP
2016-01-06,15/9-F-1 C,24.000,264.792,108.060,25.539,57.803,93.870,15281.590,1465.710,,production,OP
2016-01-07,15/9-F-1 C,24.000,255.156,108.180,26.863,57.472,164.520,26623.230,1413.280,,production,OP
2016-01-08,15/9-F-1 C,24.000,249.944,108.173,29.217,54.519,194.430,31122.320,1122.390,,production,OP
2016-01-09,15/9-F-1 C,24.000,246.178,108.149,30.495,53.017,205.530,32916.430,969.510,,production,OP
2016-01-10,15/9-F-1 C,24.000,244.588,108.072,30.250,52.211,187.410,30048.940,810.950,,production,OP
2016-01-11,15/9-F-1 C,24.000,243.198,108.032,29.337,51.286,170.450,27228.480,733.880,,production,OP
2016-01-12,15/9-F-1 C,24.000,242.526,108.001,28.323,51.578,156.610,24965.040,684.720,,production,OP
2016-01-13,15/9-F-1 C,23.500,240.059,108.072,28.228,52.318,232.690,37108.690,846.220,,production,OP
2016-01-14,15/9-F-1 C,24.000,236.321,108.120,29.782,52.695,258.420,39859.180,870.900,,production,OP
2016-01-15,15/9-F-1 C,24.000,235.445,108.055,28.295,52.144,199.680,31090.570,726.910,,production,OP
2016-01-16,15/9-F-1 C,24.000,234.172,108.048,27.432,52.302,199.160,30911.670,694.910,,production,OP
2016-01-17,15/9-F-1 C,24.000,233.165,108.034,26.671,52.332,197.210,30602.330,672.470,,production,OP
2016-01-18,15/9-F-1 C,24.000,231.726,108.056,26.546,52.809,197.520,30750.880,703.930,,production,OP
2016-01-19,15/9-F-1 C,24.000,229.560,108.108,26.872,53.833,257.830,40019.510,780.820,,production,OP
2016-01-20,15/9-F-1 C,13.842,227.722,107.987,26.382,33.376,150.620,24432.480,493.090,,production,OP
2016-01-21,15/9-F-1 C,0.000,239.764,104.328,41.578,0.000,0.000,0.000,0.000,,production,OP
2016-01-22,15/9-F-1 C,0.000,245.023,103.264,44.422,0.000,0.000,0.000,0.000,,production,OP
2016-01-23,15/9-F-1 C,0.000,249.503,102.554,50.875,0.000,0.000,0.000,0.000,,production,OP
2016-01-24,15/9-F-1 C,0.000,253.687,101.965,63.414,0.000,0.000,0.000,0.000,,production,OP
2016-01-25,15/9-F-1 C,0.000,257.354,101.651,74.824,0.000,0.000,0.000,0.000,,production,OP
2016-01-26,15/9-F-1 C,0.000,260.629,101.452,82.248,0.000,0.000,0.000,0.000,,production,OP
2016-01-27,15/9-F-1 C,0.000,263.605,101.301,89.839,0.000,0.000,0.000,0.000,,production,OP
2016-01-28,15/9-F-1 C,0.000,266.360,101.177,96.150,0.000,0.000,0.000,0.000,,production,OP
2016-01-29,15/9-F-1 C,0.000,269.399,101.122,101.676,0.000,0.000,0.000,0.000,,production,OP
2016-01-30,15/9-F-1 C,0.000,275.576,101.191,106.426,0.000,0.000,0.000,0.000,,production,OP
2016-01-31,15/9-F-1 C,0.000,281.125,101.136,110.232,0.000,0.000,0.000,0.000,,production,OP
2016-02-01,15/9-F-1 C,0.000,285.146,101.067,113.133,0.000,0.000,0.000,0.000,,production,OP
2016-02-02,15/9-F-1 C,0.000,287.792,101.001,115.007,0.000,0.000,0.000,0.000,,production,OP
2016-02-03,15/9-F-1 C,0.000,290.309,100.941,116.779,0.000,0.000,0.000,0.000,,production,OP
2016-02-04,15/9-F-1 C,0.000,292.635,100.882,118.456,0.000,0.000,0.000,0.000,,production,OP
2016-02-05,15/9-F-1 C,0.000,294.360,100.826,119.767,0.000,0.000,0.000,0.000,,production,OP
2016-02-06,15/9-F-1 C,22.075,282.771,105.032,48.798,40.327,65.720,10185.480,203.440,,production,OP
2016-02-07,15/9-F-1 C,24.000,272.324,107.662,23.901,53.382,52.250,8288.100,991.310,,production,OP
2016-02-08,15/9-F-1 C,24.000,265.138,107.898,24.947,54.219,72.770,11560.470,1062.130,,production,OP
2016-02-09,15/9-F-1 C,24.000,258.254,108.056,28.131,54.167,118.710,18956.750,1056.770,,production,OP
2016-02-10,15/9-F-1 C,24.000,251.451,108.149,31.404,54.142,207.310,32150.460,1108.050,,production,OP
2016-02-11,15/9-F-1 C,24.000,245.655,108.180,33.216,54.170,210.230,32735.290,1086.800,,production,OP
2016-02-12,15/9-F-1 C,24.000,241.080,108.156,33.304,53.736,308.450,47811.780,937.870,,production,OP
2016-02-13,15/9-F-1 C,24.000,239.048,108.070,31.666,52.609,293.210,45604.080,791.150,,production,OP
2016-02-14,15/9-F-1 C,24.000,236.790,108.058,30.466,52.712,241.120,37809.550,762.750,,production,OP
2016-02-15,15/9-F-1 C,24.000,234.790,108.041,29.395,52.640,239.990,37454.500,758.970,,production,OP
2016-02-16,15/9-F-1 C,24.000,233.138,108.023,28.563,52.647,237.430,37227.140,756.160,,production,OP
2016-02-17,15/9-F-1 C,24.000,231.651,108.010,28.057,52.619,236.600,36907.860,747.610,,production,OP
2016-02-18,15/9-F-1 C,24.000,230.407,107.995,27.477,52.604,232.240,36516.140,743.640,,production,OP
2016-02-19,15/9-F-1 C,24.000,229.330,107.983,26.896,52.616,298.120,46879.050,656.990,,production,OP
2016-02-20,15/9-F-1 C,24.000,228.535,107.969,26.163,52.571,307.880,47840.200,668.780,,production,OP
2016-02-21,15/9-F-1 C,24.000,227.423,108.000,26.199,53.229,296.780,47176.840,681.940,,production,OP
2016-02-22,15/9-F-1 C,24.000,225.843,108.018,25.895,53.596,304.540,48861.310,706.980,,production,OP
2016-02-23,15/9-F-1 C,24.000,225.188,108.002,24.974,53.548,303.990,48622.080,713.200,,production,OP
2016-02-24,15/9-F-1 C,24.000,224.603,108.021,24.717,54.272,327.030,52069.960,717.190,,production,OP
2016-02-25,15/9-F-1 C,24.000,222.382,108.081,25.414,54.970,338.240,53575.880,741.150,,production,OP
2016-02-26,15/9-F-1 C,5.658,223.456,107.812,18.831,15.770,24.870,4018.220,51.700,,production,OP
2016-02-27,15/9-F-1 C,0.000,237.501,103.916,41.850,0.000,0.000,0.000,0.000,,production,OP
2016-02-28,15/9-F-1 C,0.750,241.890,104.422,16.090,2.628,0.550,88.630,1.150,,production,OP
2016-02-29,15/9-F-1 C,0.000,247.975,102.889,19.635,0.242,0.000,0.000,0.000,,production,OP
2016-03-01,15/9-F-1 C,0.000,252.878,102.440,24.722,0.271,0.000,0.000,0.000,,production,OP
2016-03-02,15/9-F-1 C,0.000,257.126,101.927,35.627,0.254,0.000,0.000,0.000,,production,OP
2016-03-03,15/9-F-1 C,0.000,260.852,101.479,54.979,0.247,0.000,0.000,0.000,,production,OP
2016-03-04,15/9-F-1 C,0.000,264.262,101.322,68.976,0.234,0.000,0.000,0.000,,production,OP
2016-03-05,15/9-F-1 C,0.000,267.415,101.210,79.107,0.223,0.000,0.000,0.000,,production,OP
2016-03-06,15/9-F-1 C,0.000,270.324,101.117,85.448,0.207,0.000,0.000,0.000,,production,OP
2016-03-07,15/9-F-1 C,0.000,273.018,100.998,4.734,0.206,0.000,0.000,0.000,,production,OP
2016-03-08,15/9-F-1 C,0.000,275.425,100.797,8.345,0.205,0.000,0.000,0.000,,production,OP
2016-03-09,15/9-F-1 C,0.000,277.748,100.792,54.862,0.199,0.000,0.000,0.000,,production,OP
2016-03-10,15/9-F-1 C,0.000,279.679,100.883,86.057,0.196,0.000,0.000,0.000,,production,OP
2016-03-11,15/9-F-1 C,0.000,281.272,100.859,91.853,0.194,0.000,0.000,0.000,,production,OP
2016-03-12,15/9-F-1 C,0.000,285.420,100.900,96.934,0.185,0.000,0.000,0.000,,production,OP
2016-03-13,15/9-F-1 C,0.000,290.391,100.876,101.266,0.199,0.000,0.000,0.000,,production,OP
2016-03-14,15/9-F-1 C,0.000,294.401,100.838,104.762,0.213,0.000,0.000,0.000,,production,OP
2016-03-15,15/9-F-1 C,0.000,297.501,100.798,107.465,0.189,0.000,0.000,0.000,,production,OP
2016-03-16,15/9-F-1 C,0.000,299.722,100.756,109.410,0.186,0.000,0.000,0.000,,production,OP
2016-03-17,15/9-F-1 C,21.758,289.080,105.430,47.564,39.200,50.300,8086.500,764.440,,production,OP
2016-03-18,15/9-F-1 C,24.000,281.178,107.557,27.914,49.501,37.980,6203.400,843.530,,production,OP
2016-03-19,15/9-F-1 C,24.000,275.321,107.799,26.890,51.161,63.630,10454.850,930.530,,production,OP
2016-03-20,15/9-F-1 C,24.000,270.345,107.895,28.614,51.055,81.670,13263.030,858.150,,production,OP
2016-03-21,15/9-F-1 C,24.000,265.651,107.976,30.879,51.042,108.850,17786.790,919.010,,production,OP
2016-03-22,15/9-F-1 C,24.000,260.901,108.056,32.165,51.691,189.410,30603.400,985.240,,production,OP
2016-03-23,15/9-F-1 C,24.000,255.506,108.126,33.587,52.678,243.920,39159.610,976.460,,production,OP
2016-03-24,15/9-F-1 C,24.000,250.393,108.149,34.382,52.949,246.840,40029.360,983.160,,production,OP
2016-03-25,15/9-F-1 C,24.000,246.173,108.138,34.180,52.935,248.040,40439.710,935.670,,production,OP
2016-03-26,15/9-F-1 C,24.000,241.959,108.150,33.238,53.888,265.310,43614.430,913.220,,production,OP
2016-03-27,15/9-F-1 C,23.000,238.132,108.139,31.862,54.100,253.280,42107.870,871.580,,production,OP
2016-03-28,15/9-F-1 C,24.000,235.061,108.125,30.498,54.329,271.680,44972.960,881.850,,production,OP
2016-03-29,15/9-F-1 C,24.000,231.524,108.130,29.480,54.764,275.740,45175.900,894.320,,production,OP
2016-03-30,15/9-F-1 C,24.000,228.853,108.106,28.396,54.744,293.430,48066.950,832.660,,production,OP
2016-03-31,15/9-F-1 C,24.000,226.555,108.091,27.590,54.690,287.420,46865.430,821.070,,production,OP
2016-04-01,15/9-F-1 C,24.000,224.568,108.074,27.057,54.770,299.490,48700.430,794.200,,production,OP
2016-04-02,15/9-F-1 C,24.000,223.012,108.058,26.383,54.688,284.720,46880.140,766.230,,production,OP
2016-04-03,15/9-F-1 C,24.000,221.813,108.044,25.681,54.724,280.170,45842.820,748.250,,production,OP
2016-04-04,15/9-F-1 C,24.000,220.780,108.042,25.115,55.068,281.930,45800.830,797.300,,production,OP
2016-04-05,15/9-F-1 C,24.000,218.752,108.078,25.341,55.998,317.380,51990.650,792.760,,production,OP
2016-04-06,15/9-F-1 C,20.825,218.438,107.857,25.608,45.143,208.000,34998.300,542.390,,production,OP
2016-04-07,15/9-F-1 C,0.000,228.199,104.819,37.062,0.000,0.000,0.000,0.000,,production,OP
2016-04-08,15/9-F-1 C,0.000,234.980,103.628,10.820,0.713,0.000,0.000,0.000,,production,OP
2016-04-09,15/9-F-1 C,0.000,239.915,103.032,2.820,0.779,0.000,0.000,0.000,,production,OP
2016-04-10,15/9-F-1 C,0.000,244.889,102.628,8.666,0.000,0.000,0.000,0.000,,production,OP
2016-04-11,15/9-F-1 C,0.000,249.408,102.132,7.460,0.000,0.000,0.000,0.000,,production,OP
2016-04-12,15/9-F-1 C,0.000,253.410,101.720,6.445,0.000,0.000,0.000,0.000,,production,OP
2016-04-13,15/9-F-1 C,0.000,256.990,101.509,7.107,0.000,0.000,0.000,0.000,,production,OP
2016-04-14,15/9-F-1 C,0.000,260.284,101.372,7.772,0.000,0.000,0.000,0.000,,production,OP
2016-04-15,15/9-F-1 C,0.000,263.327,101.269,8.263,0.000,0.000,0.000,0.000,,production,OP
2016-04-16,15/9-F-1 C,0.000,266.148,101.170,8.675,0.000,0.000,0.000,0.000,,production,OP
2016-04-17,15/9-F-1 C,0.000,270.268,101.198,6.498,0.000,0.000,0.000,0.000,,production,OP
2016-04-18,15/9-F-1 C,0.000,276.869,101.231,13.714,0.000,0.000,0.000,0.000,,production,OP
2016-04-19,15/9-F-1 C,0.000,282.105,101.178,8.576,0.265,0.000,0.000,0.000,,production,OP
2016-04-20,15/9-F-1 C,0.000,285.096,101.131,18.280,0.000,0.000,0.000,0.000,,production,OP
2016-04-21,15/9-F-1 C,0.000,0.000,0.000,0.000,0.000,0.000,0.000,0.000,,production,OP
